PAN India,
Andaman And Nicobar Islands,
Andaman And Nicobar Islands,"Andaman And Nicobar Islands,Port Blair"
Andhra Pradesh,
Andhra Pradesh,"Andhra Pradesh,Adoni"
Andhra Pradesh,"Andhra Pradesh,Amaravati"
Andhra Pradesh,"Andhra Pradesh,Anantapur"
Andhra Pradesh,"Andhra Pradesh,Chandragiri"
Andhra Pradesh,"Andhra Pradesh,Chittoor"
Andhra Pradesh,"Andhra Pradesh,Dowlaiswaram"
Andhra Pradesh,"Andhra Pradesh,Eluru"
Andhra Pradesh,"Andhra Pradesh,Guntur"
Andhra Pradesh,"Andhra Pradesh,Kadapa"
Andhra Pradesh,"Andhra Pradesh,Kakinada"
Andhra Pradesh,"Andhra Pradesh,Kurnool"
Andhra Pradesh,"Andhra Pradesh,Machilipatnam"
Andhra Pradesh,"Andhra Pradesh,Nagarjunakoa"
Andhra Pradesh,"Andhra Pradesh,Rajahmundry"
Andhra Pradesh,"Andhra Pradesh,Srikakulam"
Andhra Pradesh,"Andhra Pradesh,Tirupati"
Andhra Pradesh,"Andhra Pradesh,Vijayawada"
Andhra Pradesh,"Andhra Pradesh,Visakhapatnam"
Andhra Pradesh,"Andhra Pradesh,Vizianagaram"
Andhra Pradesh,"Andhra Pradesh,Yemmiganur"
Arunachal Pradesh,
Arunachal Pradesh,"Arunachal Pradesh,Itanagar"
Assam,
Assam,"Assam,Dhuburi"
Assam,"Assam,Dibrugarh"
Assam,"Assam,Dispur"
Assam,"Assam,Guwahati"
Assam,"Assam,Jorhat"
Assam,"Assam,Nagaon"
Assam,"Assam,Sibsagar"
Assam,"Assam,Silchar"
Assam,"Assam,Tezpur"
Assam,"Assam,Tinsukia"
Bihar,
Bihar,"Bihar,Ara"
Bihar,"Bihar,Baruni"
Bihar,"Bihar,Begusarai"
Bihar,"Bihar,Bettiah"
Bihar,"Bihar,Bhagalpur"
Bihar,"Bihar,Bihar Sharif"
Bihar,"Bihar,Bodh Gaya"
Bihar,"Bihar,Buxar"
Bihar,"Bihar,Chapra"
Bihar,"Bihar,Darbhanga"
Bihar,"Bihar,Dehri"
Bihar,"Bihar,Dinapur Nizamat"
Bihar,"Bihar,Gaya"
Bihar,"Bihar,Hajipur"
Bihar,"Bihar,Jamalpur"
Bihar,"Bihar,Katihar"
Bihar,"Bihar,Madhubani"
Bihar,"Bihar,Motihari"
Bihar,"Bihar,Munger"
Bihar,"Bihar,Muzaffarpur"
Bihar,"Bihar,Patna"
Bihar,"Bihar,Purnia"
Bihar,"Bihar,Pusa"
Bihar,"Bihar,Saharsa"
Bihar,"Bihar,Samastipur"
Bihar,"Bihar,Sasaram"
Bihar,"Bihar,Sitamarhi"
Bihar,"Bihar,Siwan"
Chandigarh,
Chhattisgarh,
Chhattisgarh,"Chhattisgarh,Ambikapur"
Chhattisgarh,"Chhattisgarh,Bhilai"
Chhattisgarh,"Chhattisgarh,Bilaspur"
Chhattisgarh,"Chhattisgarh,Dhamtari"
Chhattisgarh,"Chhattisgarh,Durg"
Chhattisgarh,"Chhattisgarh,Jagdalpur"
Chhattisgarh,"Chhattisgarh,Raipur"
Chhattisgarh,"Chhattisgarh,Rajnandgaon"
Dadra And Nagar Haveli,
Dadra And Nagar Haveli,"Dadra And Nagar Haveli,Silvassa"
Daman And Diu ,
Daman And Diu ,"Daman And Diu ,Daman"
Daman And Diu ,"Daman And Diu ,Diu"
Delhi,
Delhi,"Delhi,Delhi"
Delhi,"Delhi,New Delhi"
Goa,
Goa,"Goa,Madgaon"
Goa,"Goa,Panaji"
Gujarat,
Gujarat,"Gujarat,Ahmadabad"
Gujarat,"Gujarat,Amreli"
Gujarat,"Gujarat,Bharuch"
Gujarat,"Gujarat,Bhavnagar"
Gujarat,"Gujarat,Bhuj"
Gujarat,"Gujarat,Dwarka"
Gujarat,"Gujarat,Gandhinagar"
Gujarat,"Gujarat,Godhra"
Gujarat,"Gujarat,Jamnagar"
Gujarat,"Gujarat,Junagadh"
Gujarat,"Gujarat,Kandla"
Gujarat,"Gujarat,Khambhat"
Gujarat,"Gujarat,Kheda"
Gujarat,"Gujarat,Mahesana"
Gujarat,"Gujarat,Morvi"
Gujarat,"Gujarat,Nadiad"
Gujarat,"Gujarat,Navsari"
Gujarat,"Gujarat,Okha"
Gujarat,"Gujarat,Palanpur"
Gujarat,"Gujarat,Patan"
Gujarat,"Gujarat,Porbandar"
Gujarat,"Gujarat,Rajkot"
Gujarat,"Gujarat,Surat"
Gujarat,"Gujarat,Surendranagar"
Gujarat,"Gujarat,Valsad"
Gujarat,"Gujarat,Veraval"
Haryana,
Haryana,"Haryana,Ambala"
Haryana,"Haryana,Bhiwani"
Haryana,"Haryana,Chandigarh"
Haryana,"Haryana,Faridabad"
Haryana,"Haryana,Firozpur Jhirka"
Haryana,"Haryana,Gurgaon"
Haryana,"Haryana,Hansi"
Haryana,"Haryana,Hisar"
Haryana,"Haryana,Jind"
Haryana,"Haryana,Kaithal"
Haryana,"Haryana,Karnal"
Haryana,"Haryana,Kurukshetra"
Haryana,"Haryana,Panipat"
Haryana,"Haryana,Pehowa"
Haryana,"Haryana,Rewari"
Haryana,"Haryana,Rohtak"
Haryana,"Haryana,Sirsa"
Haryana,"Haryana,Sonipat"
Himachal Pradesh,
Himachal Pradesh,"Himachal Pradesh,Bilaspur"
Himachal Pradesh,"Himachal Pradesh,Chamba"
Himachal Pradesh,"Himachal Pradesh,Dalhousie"
Himachal Pradesh,"Himachal Pradesh,Dharmshala"
Himachal Pradesh,"Himachal Pradesh,Hamirpur"
Himachal Pradesh,"Himachal Pradesh,Kangra"
Himachal Pradesh,"Himachal Pradesh,Kullu"
Himachal Pradesh,"Himachal Pradesh,Mandi"
Himachal Pradesh,"Himachal Pradesh,Nahan"
Himachal Pradesh,"Himachal Pradesh,Shimla"
Himachal Pradesh,"Himachal Pradesh,Una"
Jammu And Kashmir,
Jammu And Kashmir,"Jammu And Kashmir,Anantnag"
Jammu And Kashmir,"Jammu And Kashmir,Baramula"
Jammu And Kashmir,"Jammu And Kashmir,Doda"
Jammu And Kashmir,"Jammu And Kashmir,Gulmarg"
Jammu And Kashmir,"Jammu And Kashmir,Jammu"
Jammu And Kashmir,"Jammu And Kashmir,Kathua"
Jammu And Kashmir,"Jammu And Kashmir,Leh"
Jammu And Kashmir,"Jammu And Kashmir,Punch"
Jammu And Kashmir,"Jammu And Kashmir,Rajauri"
Jammu And Kashmir,"Jammu And Kashmir,Srinagar"
Jammu And Kashmir,"Jammu And Kashmir,Udhampur"
Jharkhand,
Jharkhand,"Jharkhand,Bokaro"
Jharkhand,"Jharkhand,Chaibasa"
Jharkhand,"Jharkhand,Deoghar"
Jharkhand,"Jharkhand,Dhanbad"
Jharkhand,"Jharkhand,Dumka"
Jharkhand,"Jharkhand,Giridih"
Jharkhand,"Jharkhand,Hazaribag"
Jharkhand,"Jharkhand,Jamshedpur"
Jharkhand,"Jharkhand,Jharia"
Jharkhand,"Jharkhand,Rajmahal"
Jharkhand,"Jharkhand,Ranchi"
Jharkhand,"Jharkhand,Saraikela"
Karnataka,
Karnataka,"Karnataka,Badami"
Karnataka,"Karnataka,Ballari"
Karnataka,"Karnataka,Bangalore"
Karnataka,"Karnataka,Belgavi"
Karnataka,"Karnataka,Bhadravati"
Karnataka,"Karnataka,Bidar"
Karnataka,"Karnataka,Chikkamagaluru"
Karnataka,"Karnataka,Chitradurga"
Karnataka,"Karnataka,Davangere"
Karnataka,"Karnataka,Halebid"
Karnataka,"Karnataka,Hassan"
Karnataka,"Karnataka,Hubballi-Dharwad"
Karnataka,"Karnataka,Kalaburagi"
Karnataka,"Karnataka,Kolar"
Karnataka,"Karnataka,Madikeri"
Karnataka,"Karnataka,Mandya"
Karnataka,"Karnataka,Mangaluru"
Karnataka,"Karnataka,Mysuru"
Karnataka,"Karnataka,Raichur"
Karnataka,"Karnataka,Shivamogga"
Karnataka,"Karnataka,Shravanabelagola"
Karnataka,"Karnataka,Shrirangapattana"
Karnataka,"Karnataka,Tumkuru"
Kerala,
Kerala,"Kerala,Alappuzha"
Kerala,"Kerala,Badagara"
Kerala,"Kerala,Idukki"
Kerala,"Kerala,Kannur"
Kerala,"Kerala,Kochi"
Kerala,"Kerala,Kollam"
Kerala,"Kerala,Kottayam"
Kerala,"Kerala,Kozhikode"
Kerala,"Kerala,Mattancheri"
Kerala,"Kerala,Palakkad"
Kerala,"Kerala,Thalassery"
Kerala,"Kerala,Thiruvananthapuram"
Kerala,"Kerala,Thrissur"
Madhya Pradesh,
Madhya Pradesh,"Madhya Pradesh,Balaghat"
Madhya Pradesh,"Madhya Pradesh,Barwani"
Madhya Pradesh,"Madhya Pradesh,Betul"
Madhya Pradesh,"Madhya Pradesh,Bharhut"
Madhya Pradesh,"Madhya Pradesh,Bhind"
Madhya Pradesh,"Madhya Pradesh,Bhojpur"
Madhya Pradesh,"Madhya Pradesh,Bhopal"
Madhya Pradesh,"Madhya Pradesh,Burhanpur"
Madhya Pradesh,"Madhya Pradesh,Chhatarpur"
Madhya Pradesh,"Madhya Pradesh,Chhindwara"
Madhya Pradesh,"Madhya Pradesh,Damoh"
Madhya Pradesh,"Madhya Pradesh,Datia"
Madhya Pradesh,"Madhya Pradesh,Dewas"
Madhya Pradesh,"Madhya Pradesh,Dhar"
Madhya Pradesh,"Madhya Pradesh,Guna"
Madhya Pradesh,"Madhya Pradesh,Gwalior"
Madhya Pradesh,"Madhya Pradesh,Hoshangabad"
Madhya Pradesh,"Madhya Pradesh,Indore"
Madhya Pradesh,"Madhya Pradesh,Itarsi"
Madhya Pradesh,"Madhya Pradesh,Jabalpur"
Madhya Pradesh,"Madhya Pradesh,Jhabua"
Madhya Pradesh,"Madhya Pradesh,Khajuraho"
Madhya Pradesh,"Madhya Pradesh,Khandwa"
Madhya Pradesh,"Madhya Pradesh,Khargon"
Madhya Pradesh,"Madhya Pradesh,Maheshwar"
Madhya Pradesh,"Madhya Pradesh,Mandla"
Madhya Pradesh,"Madhya Pradesh,Mandsaur"
Madhya Pradesh,"Madhya Pradesh,Mhow"
Madhya Pradesh,"Madhya Pradesh,Morena"
Madhya Pradesh,"Madhya Pradesh,Murwara"
Madhya Pradesh,"Madhya Pradesh,Narsimhapur"
Madhya Pradesh,"Madhya Pradesh,Narsinghgarh"
Madhya Pradesh,"Madhya Pradesh,Narwar"
Madhya Pradesh,"Madhya Pradesh,Neemuch"
Madhya Pradesh,"Madhya Pradesh,Nowgong"
Madhya Pradesh,"Madhya Pradesh,Orchha"
Madhya Pradesh,"Madhya Pradesh,Panna"
Madhya Pradesh,"Madhya Pradesh,Raisen"
Madhya Pradesh,"Madhya Pradesh,Rajgarh"
Madhya Pradesh,"Madhya Pradesh,Ratlam"
Madhya Pradesh,"Madhya Pradesh,Rewa"
Madhya Pradesh,"Madhya Pradesh,Sagar"
Madhya Pradesh,"Madhya Pradesh,Sarangpur"
Madhya Pradesh,"Madhya Pradesh,Satna"
Madhya Pradesh,"Madhya Pradesh,Sehore"
Madhya Pradesh,"Madhya Pradesh,Seoni"
Madhya Pradesh,"Madhya Pradesh,Shahdol"
Madhya Pradesh,"Madhya Pradesh,Shajapur"
Madhya Pradesh,"Madhya Pradesh,Sheopur"
Madhya Pradesh,"Madhya Pradesh,Shivpuri"
Madhya Pradesh,"Madhya Pradesh,Ujjain"
Madhya Pradesh,"Madhya Pradesh,Vidisha"
Maharashtra,
Maharashtra,"Maharashtra,Ahmadnagar"
Maharashtra,"Maharashtra,Akola"
Maharashtra,"Maharashtra,Amravati"
Maharashtra,"Maharashtra,Aurangabad"
Maharashtra,"Maharashtra,Bhandara"
Maharashtra,"Maharashtra,Bhusawal"
Maharashtra,"Maharashtra,Bid"
Maharashtra,"Maharashtra,Buldana"
Maharashtra,"Maharashtra,Chandrapur"
Maharashtra,"Maharashtra,Daulatabad"
Maharashtra,"Maharashtra,Dhule"
Maharashtra,"Maharashtra,Jalgaon"
Maharashtra,"Maharashtra,Kalyan"
Maharashtra,"Maharashtra,Karli"
Maharashtra,"Maharashtra,Kolhapur"
Maharashtra,"Maharashtra,Mahabaleshwar"
Maharashtra,"Maharashtra,Malegaon"
Maharashtra,"Maharashtra,Matheran"
Maharashtra,"Maharashtra,Mumbai"
Maharashtra,"Maharashtra,Nagpur"
Maharashtra,"Maharashtra,Nanded"
Maharashtra,"Maharashtra,Nashik"
Maharashtra,"Maharashtra,Osmanabad"
Maharashtra,"Maharashtra,Pandharpur"
Maharashtra,"Maharashtra,Parbhani"
Maharashtra,"Maharashtra,Pune"
Maharashtra,"Maharashtra,Ratnagiri"
Maharashtra,"Maharashtra,Sangli"
Maharashtra,"Maharashtra,Satara"
Maharashtra,"Maharashtra,Sevagram"
Maharashtra,"Maharashtra,Solapur"
Maharashtra,"Maharashtra,Thane"
Maharashtra,"Maharashtra,Ulhasnagar"
Maharashtra,"Maharashtra,Vasai-Virar"
Maharashtra,"Maharashtra,Wardha"
Maharashtra,"Maharashtra,Yavatmal"
Manipur,
Manipur,"Manipur,Imphal"
Meghalaya,
Meghalaya,"Meghalaya,Cherrapunji"
Meghalaya,"Meghalaya,Shillong"
Meghalaya,"Meghalaya,Mizoram"
Meghalaya,"Meghalaya,Aizawl"
Meghalaya,"Meghalaya,Lunglei"
Nagaland,
Nagaland,"Nagaland,Kohima"
Nagaland,"Nagaland,Mon"
Nagaland,"Nagaland,Phek"
Nagaland,"Nagaland,Wokha"
Nagaland,"Nagaland,Zunheboto"
Odisha,
Odisha,"Odisha,Balangir"
Odisha,"Odisha,Baleshwar"
Odisha,"Odisha,Baripada"
Odisha,"Odisha,Bhubaneshwar"
Odisha,"Odisha,Brahmapur"
Odisha,"Odisha,Cuttack"
Odisha,"Odisha,Dhenkanal"
Odisha,"Odisha,Keonjhar"
Odisha,"Odisha,Konark"
Odisha,"Odisha,Koraput"
Odisha,"Odisha,Paradip"
Odisha,"Odisha,Phulabani"
Odisha,"Odisha,Puri"
Odisha,"Odisha,Sambalpur"
Odisha,"Odisha,Udayagiri"
Puducherry,
Puducherry,"Puducherry,Karaikal"
Puducherry,"Puducherry,Mahe"
Puducherry,"Puducherry,Puducherry"
Puducherry,"Puducherry,Yanam"
Punjab,
Punjab,"Punjab,Amritsar"
Punjab,"Punjab,Batala"
Punjab,"Punjab,Chandigarh"
Punjab,"Punjab,Faridkot"
Punjab,"Punjab,Firozpur"
Punjab,"Punjab,Gurdaspur"
Punjab,"Punjab,Hoshiarpur"
Punjab,"Punjab,Jalandhar"
Punjab,"Punjab,Kapurthala"
Punjab,"Punjab,Ludhiana"
Punjab,"Punjab,Nabha"
Punjab,"Punjab,Patiala"
Punjab,"Punjab,Rupnagar"
Punjab,"Punjab,Sangrur"
Rajasthan,
Rajasthan,"Rajasthan,Abu"
Rajasthan,"Rajasthan,Ajmer"
Rajasthan,"Rajasthan,Alwar"
Rajasthan,"Rajasthan,Amer"
Rajasthan,"Rajasthan,Barmer"
Rajasthan,"Rajasthan,Beawar"
Rajasthan,"Rajasthan,Bharatpur"
Rajasthan,"Rajasthan,Bhilwara"
Rajasthan,"Rajasthan,Bikaner"
Rajasthan,"Rajasthan,Bundi"
Rajasthan,"Rajasthan,Chittaurgarh"
Rajasthan,"Rajasthan,Churu"
Rajasthan,"Rajasthan,Dhaulpur"
Rajasthan,"Rajasthan,Dungarpur"
Rajasthan,"Rajasthan,Ganganagar"
Rajasthan,"Rajasthan,Hanumangarh"
Rajasthan,"Rajasthan,Jaipur"
Rajasthan,"Rajasthan,Jaisalmer"
Rajasthan,"Rajasthan,Jalor"
Rajasthan,"Rajasthan,Jhalawar"
Rajasthan,"Rajasthan,Jhunjhunu"
Rajasthan,"Rajasthan,Jodhpur"
Rajasthan,"Rajasthan,Kishangarh"
Rajasthan,"Rajasthan,Kota"
Rajasthan,"Rajasthan,Merta"
Rajasthan,"Rajasthan,Nagaur"
Rajasthan,"Rajasthan,Nathdwara"
Rajasthan,"Rajasthan,Pali"
Rajasthan,"Rajasthan,Phalodi"
Rajasthan,"Rajasthan,Pushkar"
Rajasthan,"Rajasthan,Sawai Madhopur"
Rajasthan,"Rajasthan,Shahpura"
Rajasthan,"Rajasthan,Sikar"
Rajasthan,"Rajasthan,Sirohi"
Rajasthan,"Rajasthan,Tonk"
Rajasthan,"Rajasthan,Udaipur"
Sikkim,
Sikkim,"Sikkim,Gangtok"
Sikkim,"Sikkim,Gyalsing"
Sikkim,"Sikkim,Lachung"
Sikkim,"Sikkim,Mangan"
Tamil Nadu,
Tamil Nadu,"Tamil Nadu,Arcot"
Tamil Nadu,"Tamil Nadu,Chengalpattu"
Tamil Nadu,"Tamil Nadu,Chennai"
Tamil Nadu,"Tamil Nadu,Chidambaram"
Tamil Nadu,"Tamil Nadu,Coimbatore"
Tamil Nadu,"Tamil Nadu,Cuddalore"
Tamil Nadu,"Tamil Nadu,Dharmapuri"
Tamil Nadu,"Tamil Nadu,Dindigul"
Tamil Nadu,"Tamil Nadu,Erode"
Tamil Nadu,"Tamil Nadu,Kanchipuram"
Tamil Nadu,"Tamil Nadu,Kanniyakumari"
Tamil Nadu,"Tamil Nadu,Kodaikanal"
Tamil Nadu,"Tamil Nadu,Kumbakonam"
Tamil Nadu,"Tamil Nadu,Madurai"
Tamil Nadu,"Tamil Nadu,Mamallapuram"
Tamil Nadu,"Tamil Nadu,Nagappattinam"
Tamil Nadu,"Tamil Nadu,Nagercoil"
Tamil Nadu,"Tamil Nadu,Palayankottai"
Tamil Nadu,"Tamil Nadu,Pudukkottai"
Tamil Nadu,"Tamil Nadu,Rajapalaiyam"
Tamil Nadu,"Tamil Nadu,Ramanathapuram"
Tamil Nadu,"Tamil Nadu,Salem"
Tamil Nadu,"Tamil Nadu,Thanjavur"
Tamil Nadu,"Tamil Nadu,Tiruchchirappalli"
Tamil Nadu,"Tamil Nadu,Tirunelveli"
Tamil Nadu,"Tamil Nadu,Tiruppur"
Tamil Nadu,"Tamil Nadu,Tuticorin"
Tamil Nadu,"Tamil Nadu,Udhagamandalam"
Tamil Nadu,"Tamil Nadu,Vellore"
Telangana,
Telangana,"Telangana,Hyderabad"
Telangana,"Telangana,Karimnagar"
Telangana,"Telangana,Khammam"
Telangana,"Telangana,Mahbubnagar"
Telangana,"Telangana,Nizamabad"
Telangana,"Telangana,Sangareddi"
Telangana,"Telangana,Warangal"
Tripura,
Tripura,"Tripura,Agartala"
Uttar Pradesh,
Uttar Pradesh,"Uttar Pradesh,Agra"
Uttar Pradesh,"Uttar Pradesh,Aligarh"
Uttar Pradesh,"Uttar Pradesh,Amroha"
Uttar Pradesh,"Uttar Pradesh,Ayodhya"
Uttar Pradesh,"Uttar Pradesh,Azamgarh"
Uttar Pradesh,"Uttar Pradesh,Bahraich"
Uttar Pradesh,"Uttar Pradesh,Ballia"
Uttar Pradesh,"Uttar Pradesh,Banda"
Uttar Pradesh,"Uttar Pradesh,Bara Banki"
Uttar Pradesh,"Uttar Pradesh,Bareilly"
Uttar Pradesh,"Uttar Pradesh,Basti"
Uttar Pradesh,"Uttar Pradesh,Bijnor"
Uttar Pradesh,"Uttar Pradesh,Bithur"
Uttar Pradesh,"Uttar Pradesh,Budaun"
Uttar Pradesh,"Uttar Pradesh,Bulandshahr"
Uttar Pradesh,"Uttar Pradesh,Deoria"
Uttar Pradesh,"Uttar Pradesh,Etah"
Uttar Pradesh,"Uttar Pradesh,Etawah"
Uttar Pradesh,"Uttar Pradesh,Faizabad"
Uttar Pradesh,"Uttar Pradesh,Farrukhabad-cum-Fatehgarh"
Uttar Pradesh,"Uttar Pradesh,Fatehpur"
Uttar Pradesh,"Uttar Pradesh,Fatehpur Sikri"
Uttar Pradesh,"Uttar Pradesh,Ghaziabad"
Uttar Pradesh,"Uttar Pradesh,Ghazipur"
Uttar Pradesh,"Uttar Pradesh,Gonda"
Uttar Pradesh,"Uttar Pradesh,Gorakhpur"
Uttar Pradesh,"Uttar Pradesh,Hamirpur"
Uttar Pradesh,"Uttar Pradesh,Hardoi"
Uttar Pradesh,"Uttar Pradesh,Hathras"
Uttar Pradesh,"Uttar Pradesh,Jalaun"
Uttar Pradesh,"Uttar Pradesh,Jaunpur"
Uttar Pradesh,"Uttar Pradesh,Jhansi"
Uttar Pradesh,"Uttar Pradesh,Kannauj"
Uttar Pradesh,"Uttar Pradesh,Kanpur"
Uttar Pradesh,"Uttar Pradesh,Lakhimpur"
Uttar Pradesh,"Uttar Pradesh,Lalitpur"
Uttar Pradesh,"Uttar Pradesh,Lucknow"
Uttar Pradesh,"Uttar Pradesh,Mainpuri"
Uttar Pradesh,"Uttar Pradesh,Mathura"
Uttar Pradesh,"Uttar Pradesh,Meerut"
Uttar Pradesh,"Uttar Pradesh,Mirzapur-Vindhyachal"
Uttar Pradesh,"Uttar Pradesh,Moradabad"
Uttar Pradesh,"Uttar Pradesh,Muzaffarnagar"
Uttar Pradesh,"Uttar Pradesh,Partapgarh"
Uttar Pradesh,"Uttar Pradesh,Pilibhit"
Uttar Pradesh,"Uttar Pradesh,Prayagraj"
Uttar Pradesh,"Uttar Pradesh,Rae Bareli"
Uttar Pradesh,"Uttar Pradesh,Rampur"
Uttar Pradesh,"Uttar Pradesh,Saharanpur"
Uttar Pradesh,"Uttar Pradesh,Sambhal"
Uttar Pradesh,"Uttar Pradesh,Shahjahanpur"
Uttar Pradesh,"Uttar Pradesh,Sitapur"
Uttar Pradesh,"Uttar Pradesh,Sultanpur"
Uttar Pradesh,"Uttar Pradesh,Tehri"
Uttar Pradesh,"Uttar Pradesh,Varanasi"
Uttarakhand,
Uttarakhand,"Uttarakhand,Almora"
Uttarakhand,"Uttarakhand,Dehra Dun"
Uttarakhand,"Uttarakhand,Haridwar"
Uttarakhand,"Uttarakhand,Mussoorie"
Uttarakhand,"Uttarakhand,Nainital"
Uttarakhand,"Uttarakhand,Pithoragarh"
West Bengal,
West Bengal,"West Bengal,Alipore"
West Bengal,"West Bengal,Alipur Duar"
West Bengal,"West Bengal,Asansol"
West Bengal,"West Bengal,Baharampur"
West Bengal,"West Bengal,Bally"
West Bengal,"West Bengal,Balurghat"
West Bengal,"West Bengal,Bankura"
West Bengal,"West Bengal,Baranagar"
West Bengal,"West Bengal,Barasat"
West Bengal,"West Bengal,Barrackpore"
West Bengal,"West Bengal,Basirhat"
West Bengal,"West Bengal,Bhatpara"
West Bengal,"West Bengal,Bishnupur"
West Bengal,"West Bengal,Budge Budge"
West Bengal,"West Bengal,Burdwan"
West Bengal,"West Bengal,Chandernagore"
West Bengal,"West Bengal,Darjiling"
West Bengal,"West Bengal,Diamond Harbour"
West Bengal,"West Bengal,Dum Dum"
West Bengal,"West Bengal,Durgapur"
West Bengal,"West Bengal,Halisahar"
West Bengal,"West Bengal,Haora"
West Bengal,"West Bengal,Hugli"
West Bengal,"West Bengal,Ingraj Bazar"
West Bengal,"West Bengal,Jalpaiguri"
West Bengal,"West Bengal,Kalimpong"
West Bengal,"West Bengal,Kamarhati"
West Bengal,"West Bengal,Kanchrapara"
West Bengal,"West Bengal,Kharagpur"
West Bengal,"West Bengal,Koch Bihar"
West Bengal,"West Bengal,Kolkata"
West Bengal,"West Bengal,Krishnanagar"
West Bengal,"West Bengal,Malda"
West Bengal,"West Bengal,Midnapore"
West Bengal,"West Bengal,Murshidabad"
West Bengal,"West Bengal,Navadwip"
West Bengal,"West Bengal,Palashi"
West Bengal,"West Bengal,Panihati"
West Bengal,"West Bengal,Purulia"
West Bengal,"West Bengal,Raiganj"
West Bengal,"West Bengal,Santipur"
West Bengal,"West Bengal,Shantiniketan"
West Bengal,"West Bengal,Shrirampur"
West Bengal,"West Bengal,Siliguri"
West Bengal,"West Bengal,Siuri"
West Bengal,"West Bengal,Tamluk"
West Bengal,"West Bengal,Titagarh"
